
{
    "name": "aai-x-bible-arifa-v0", 
    "copyright": "© Wycliffe Bible Translators, Inc. 2009", 
    "title": "Tur Gewasin O Baibasit Boubon The New Testament in the Miniafia Language of Oro Province, Papua New Guinea", 
    "translation_year": "2009", 
    "copyright_long": "TUR GEWASIN O BAIBASIT BOUBUN The New Testament in the Miniafia Language of Oro Province, Papua New Guinea  copyright © 2009 Wycliffe Bible Translators, Inc. Print publisher: Wycliffe Bible Translators, BibleLeague, and PNG Bible Translation Association Electronic publisher: PNG Bible Translation Association Translation by: PNG Bible Translation Association and Wycliffe Bible Translators  This translation is made available to you under the terms of the Attribution-noncommercial-no derivatives. In addition, you have permission to port the text to different file formats, as long as you don't change any of the text or punctuation of the Bible.  Pictures included with Scriptures and other documents on this site are licensed just for use with those Scriptures and documents. For other uses, please contact the respective copyright owners.  You may share, copy, distribute, transmit, and extract portions or quotations from this work, provided that: You include the above copyright information and that you make it clear that the work came from http://png scriptures.org/. You do not sell this work for a profit. You do not make any derivative works that change any of the actual words or punctuation of the Scriptures. Permissions beyond the scope of this license may be available if you contact us with your request. If you want to revise a translation, use a translation in an adaptation, or use a translation commercially, we will relay your request to the appropriate copyright owner.", 
    "source": "http://pngscriptures.org/aai/", 
    "version": "v0", 
    "language_name": "Arifama-Miniafia", 
    "homepage": "http://paralleltext.info/data/aai-x-bible-arifa-v0",     
    "language_iso639-3": "aai",  
    
    
    "last_modified": "2013-11-07", 

    "resources": [
        {
            "path": "aai-x-bible-arifa-v0.mtx", 
            "format": "mtx"
        }, 
        {
            "path": "aai-x-bible-arifa-v0.wordforms", 
            "format": "csv"
        }, 
        {
            "path": "aai-x-bible-arifa-v0.txt", 
            "format": "csv"
        }, 
        {
            "path": "versenames-v1.txt", 
            "format": "csv"
        },
        {
        	"path": "README.md",
        	"format": "md"
        }
    ],
    
    "project": 
    	{
    		"name": "Parallel Bible Corpus",
    		"url": "http://paralleltext.info/"
    	},

    "datapackage_version": "1.0-beta.5", 
    "maintainers": [
        {
            "url": "http://th-mayer.de", 
            "name": "Thomas Mayer", 
            "email": "thomas.mayer@uni-marburg.de"
        }, 
        {
            "url": "", 
            "name": "Michael Cysouw", 
            "email": "cysouw@uni-marburg.de"
        }
    ]

}
